algorithm,objective,K,psnr_mean,psnr_std,ssim_mean,ssim_std,uniformity_mean,uniformity_std,time_mean,time_std,n_runs
JADE,kapur,3,23.905592759032338,3.2525134851774142,0.6552726861606739,0.2905404005213885,0.9884460214160404,0.0125193809722744,0.7688525237960534,0.18620465919912582,450
JADE,kapur,5,29.512732710547738,1.0738974683268938,0.916389565564388,0.02545649126013099,0.9976902992025732,0.0006243987483284261,0.8989539375016465,0.1511909595854083,450
JADE,kapur,7,32.49033592189428,0.8845939026429752,0.944464479749205,0.015839862538502496,0.99885071441994,0.00022759915538387245,1.0354365184949712,0.16042177754748516,450
JADE,kapur,9,34.439591301431314,0.9386404527772101,0.9588216507207494,0.012906007235697348,0.9992647167962044,0.00015592851882645898,1.1962221702555609,0.22434715199916996,450
JADE,kapur,11,36.07345605761321,0.8640995412760607,0.9686819855896422,0.010391998545545204,0.9994973170555781,9.810840719453706e-05,1.3000975889960924,0.12086310143591478,450
JADE,kapur,12,36.72297483737847,0.8929464182903786,0.9720183262394511,0.009585742635063567,0.9995666791335768,8.836516685633516e-05,1.3675469990628255,0.2684992625228412,450
JADE,otsu,3,27.878245486759955,0.8904443662510988,0.8606596331586054,0.05376013987419315,0.9966758346871306,0.0006648701775530112,0.6977613061283612,0.09611780260874525,450
JADE,otsu,5,31.392471341964043,0.8976770695482813,0.9298916625066334,0.03418934311034063,0.9985215350800154,0.00029160295687258607,0.8176402763810215,0.11993022226193717,450
JADE,otsu,7,33.827335697447005,0.9496611158023164,0.9577644466490058,0.012483189912238998,0.9991543642115436,0.0001728287020292772,0.9151949004761668,0.0954309790265326,450
JADE,otsu,9,35.66695106672655,0.9450548332270836,0.9688567820413875,0.009970629325137694,0.9994466150546268,0.00011273309420063558,1.0520635010193413,0.2018827207898076,450
JADE,otsu,11,37.121031387835394,0.9460932447596878,0.9759034920387195,0.007856235013428381,0.9996043057431094,8.02264528627709e-05,1.1277067461025176,0.11473116028553473,450
JADE,otsu,12,37.75941512141286,0.9626508658547247,0.9786431599416067,0.007241144439804026,0.9996582392678086,7.036031810425048e-05,1.2384149591800653,0.37875846016402226,450
JADE,tsallis,3,19.217804543516507,1.6512724795186369,0.2675063099718708,0.035350682918098154,0.9741393900876194,0.010972440759718578,0.7474715123051363,0.07756971828918667,450
JADE,tsallis,5,21.631695343825644,1.1246148377201182,0.33753390161941543,0.04461937447719822,0.9857974875212274,0.0037149030216991575,0.8627352092482357,0.08676867722048864,450
JADE,tsallis,7,23.300158902376047,1.3178925496469076,0.392824056144396,0.058994820929364714,0.9902029307003632,0.0030521158215831277,1.0108853085897862,0.27943671593149566,450
JADE,tsallis,9,25.11088986031124,1.7170549003887132,0.4683012910368898,0.0835970266375113,0.9933424357696795,0.002672720232873555,1.0861507160144133,0.10418968941888747,450
JADE,tsallis,11,29.135745725905164,3.2668145966731017,0.6638184829597541,0.17086051329211469,0.9968974239641706,0.0019893929032379753,1.2048080647183168,0.18667339650896658,450
JADE,tsallis,12,31.826043722353,3.7113215373128776,0.7741091981047453,0.17139803495262745,0.9981577510488728,0.0014809269690370002,1.2633840327471908,0.18507320014156892,450
LADE,kapur,3,23.92325095073144,3.237843549985469,0.6557216487858292,0.2900638439702747,0.9885177615679959,0.012463745873625965,0.4066846432443708,0.10621718788492085,450
LADE,kapur,5,29.470152170933982,1.0463424468474185,0.915965402859301,0.025126604714369886,0.997671311328114,0.0006135335302601986,0.49994354654827877,0.1327639380084507,450
LADE,kapur,7,32.21285940544809,0.9261504354465627,0.9430791398264268,0.01614855192639211,0.9987724550439623,0.00025458680761147477,0.5958942037205108,0.16473905221188692,450
LADE,kapur,9,33.93288097745649,1.0402588926821488,0.9564043684420607,0.013611043544542827,0.9991694709052892,0.00019375795948441246,0.698719864282757,0.2120408925951525,450
LADE,kapur,11,35.32918415368615,1.0636078417696808,0.9656650830260987,0.011548884385963588,0.9993966454262224,0.00015342364369450555,0.7805456165689975,0.20991368426340698,450
LADE,kapur,12,35.787167312417026,1.0648976388419935,0.96843299654553,0.010729174434390623,0.9994574626593843,0.00013305823414662432,0.8452021353138197,0.2343853751605888,450
LADE,otsu,3,27.87811517991924,0.8904713589928844,0.8607987384408694,0.053877930773685904,0.9966757163170031,0.0006648904500766332,0.3950553962220955,0.10959173160489975,450
LADE,otsu,5,31.28076594691041,0.8933893666502658,0.9282849172142889,0.03447433971672234,0.9984829796576188,0.00029925226649309594,0.46762594944693975,0.12933613072585803,450
LADE,otsu,7,33.42292126596734,0.9364260287874522,0.9532253886838608,0.01890656446278279,0.9990721926204237,0.0001885808370427507,0.5342464481397635,0.13720114252525922,450
LADE,otsu,9,34.991228733337046,0.9464318679272312,0.9652715416698138,0.01137177204927855,0.9993532774269751,0.00013264589466888303,0.6200152312131184,0.15858638403904274,450
LADE,otsu,11,36.27840753580768,0.9626154996214786,0.9719960516708807,0.009219839457174289,0.9995189395467909,9.974479691697331e-05,0.6838113164989692,0.19591731556093303,450
LADE,otsu,12,36.8102789160679,0.9666567875713291,0.9747183239196543,0.008241623061941792,0.9995744025005604,8.812249737145844e-05,0.7053982570250001,0.18541333144813435,450
LADE,tsallis,3,19.226104436152223,1.6401765677608553,0.267725665135355,0.03519285264139639,0.974215154883833,0.010871927026248935,0.4376980175331442,0.12672585229198863,450
LADE,tsallis,5,21.58130266021028,1.1853112723136134,0.3364324578015343,0.05006386757978612,0.9855843667859483,0.0039196753581990165,0.5453188595651752,0.17812502476572986,450
LADE,tsallis,7,23.63388116659625,1.689822456273961,0.4076506030274874,0.07365329320160932,0.990668297813185,0.003662239546516289,0.6123777175948231,0.1766357473625618,450
LADE,tsallis,9,26.383685928796186,2.7951607199262742,0.5370064465630235,0.1481810424911578,0.9944594875733165,0.0033414530625770532,0.6682172548941647,0.18981063163004624,450
LADE,tsallis,11,31.270500169636698,3.5842598781459327,0.7679197672721942,0.18365324339707334,0.9978802481381082,0.0019651235034590297,0.7790420648936803,0.2648338585171447,450
LADE,tsallis,12,32.79822947215544,3.3734381435447585,0.8324723045540021,0.16380590120430194,0.9985025739321004,0.0016017771630341547,0.8073161161328769,0.2642127065052971,450
LSHADE,kapur,3,23.991502255287692,3.2973522027592463,0.66395939972257,0.28868830436767523,0.9885613111317822,0.012563987365714862,0.6656881628770174,0.043002064605809666,450
LSHADE,kapur,5,29.507513558631896,1.0781782850275248,0.9162460599545058,0.025732302734851192,0.9976868307856859,0.000627452644116984,0.7923456324342018,0.008028041319007077,450
LSHADE,kapur,7,32.57361072764426,0.8872008068011655,0.9449795887752812,0.01557498629739795,0.9988725326553752,0.00022165333517764095,0.921811759707311,0.015283560910617762,450
LSHADE,kapur,9,34.592349137753125,0.9155339843733428,0.9595373018265394,0.012418045783386063,0.9992908994682886,0.00014728276320853098,1.0512480721338135,0.019633806084760064,450
LSHADE,kapur,11,36.319539332084446,0.786831164035938,0.9696582342472163,0.009877038626112186,0.9995266041796693,8.384779776064155e-05,1.1834261267042407,0.03247138076885521,450
LSHADE,kapur,12,36.994690769779815,0.784112244189573,0.9728125192112648,0.009506383465290317,0.9995949398379868,7.351336651579348e-05,1.241802999470383,0.008304990716228224,450
LSHADE,otsu,3,27.878245486759955,0.8904443662510988,0.8606596331586054,0.05376013987419315,0.9966758346871306,0.0006648701775530112,0.6234521153895184,0.012412536518627634,450
LSHADE,otsu,5,31.40495699564534,0.8976741280849012,0.9315906412156338,0.03294576501177739,0.998525790621178,0.00029091637087356407,0.7233237838719248,0.006307528205494849,450
LSHADE,otsu,7,33.901636249858186,0.950187007745505,0.9582271049264905,0.012274055134007717,0.9991686120602157,0.00016982885198228332,0.8243360635855546,0.007824947293503056,450
LSHADE,otsu,9,35.87711314340916,0.9425418791464043,0.9698522428958276,0.009792029826087265,0.9994728356349961,0.0001071272612982369,0.924596730564307,0.008473515391586485,450
LSHADE,otsu,11,37.464123010204645,0.939306461309817,0.9772282972721132,0.007400302568033291,0.9996345868989469,7.335017898322056e-05,1.0253833795618266,0.015421783384262385,450
LSHADE,otsu,12,38.1784417291431,0.9547972369111559,0.9800826630743271,0.006766578935846998,0.9996898767457003,6.329956460596356e-05,1.0737393771277535,0.010650923189210532,450
LSHADE,tsallis,3,19.217804543516507,1.6512724795186369,0.2675063099718708,0.035350682918098154,0.9741393900876194,0.010972440759718578,0.6692004274100893,0.007948295064773115,450
LSHADE,tsallis,5,21.608627482611034,1.116105496418691,0.3374260104398654,0.043903757187802255,0.9857305644034436,0.003683457595570107,0.7751092977894263,0.014431283671184084,450
LSHADE,tsallis,7,23.229267160902438,1.222277174015207,0.39060714966299676,0.058437541450491626,0.9901128250887972,0.002782622224096804,0.8788490037914987,0.005856442469253381,450
LSHADE,tsallis,9,24.896104820915816,1.6552107545795196,0.4554378410674699,0.07687285307337938,0.9931001925587007,0.002335215005816852,0.9833133424228678,0.004368887238160806,450
LSHADE,tsallis,11,29.134692345418706,3.6731788304422883,0.652637577810324,0.1817702932836819,0.9967921125072199,0.0019246967344467463,1.0883541864555122,0.009888283399882587,450
LSHADE,tsallis,12,32.3000591268116,3.963806904407267,0.7811698811662963,0.17162343716677442,0.9982747141814157,0.0013745007953828575,1.1397602189792735,0.008873285186468093,450
SHADE,kapur,3,23.941890975399932,3.273831851253056,0.6583486228223694,0.29011109344362174,0.9884923288032228,0.012538814719728954,0.6817227881536302,0.046660275567309985,450
SHADE,kapur,5,29.512941616328593,1.0797653219709338,0.9162905167634606,0.02576325334780155,0.9976894733992739,0.0006279897627512774,0.8088009212828344,0.026170779128667245,450
SHADE,kapur,7,32.56487148658522,0.8903030945139997,0.9449467900048144,0.015516074829356375,0.998870128388418,0.00022253755565946565,0.9394614583041726,0.0373739305119586,450
SHADE,kapur,9,34.594891378097664,0.9146086737750532,0.9595523825484993,0.012404490421656901,0.9992913411967085,0.00014711437798912066,1.0760670733389754,0.050571876699348095,450
SHADE,kapur,11,36.31433944983253,0.7925358573061477,0.96962453336362,0.00997536500391665,0.9995258836383093,8.471453926488375e-05,1.2472332018629337,0.25372759705495523,450
SHADE,kapur,12,36.99402365206233,0.7759263711887402,0.9728361228631068,0.009405714539604695,0.9995950291649531,7.253188176860334e-05,1.3054018152675901,0.17650689508636308,450
SHADE,otsu,3,27.878245486759955,0.8904443662510988,0.8606596331586054,0.05376013987419315,0.9966758346871306,0.0006648701775530112,0.6522307999892574,0.08690020500850348,450
SHADE,otsu,5,31.404961638460094,0.8976738933878978,0.9315932612921046,0.03294700580747794,0.9985257904011423,0.0002909163597215081,0.7653860840004766,0.14970639699298932,450
SHADE,otsu,7,33.90178494651205,0.9501645641841896,0.9582332624181951,0.012265635842146842,0.9991686434323341,0.00016982623533143065,0.8644952712373601,0.12497324248596722,450
SHADE,otsu,9,35.87714484791857,0.9424793847522611,0.9698512024122093,0.009792169380913443,0.9994728372517415,0.00010712428636292412,0.9555852546439403,0.07116002911325572,450
SHADE,otsu,11,37.46392821961092,0.9394905309278324,0.9772165915201658,0.007410768776185906,0.9996345675470707,7.335769746953651e-05,1.0581721825990826,0.10314049915243975,450
SHADE,otsu,12,38.17768196574457,0.955123788836851,0.9800558088326013,0.006801124988522776,0.9996898298242596,6.331407862836956e-05,1.094608012673238,0.03368041178402867,450
SHADE,tsallis,3,19.217804543516507,1.6512724795186369,0.2675063099718708,0.035350682918098154,0.9741393900876194,0.010972440759718578,0.6856834739731211,0.032093360248066145,450
SHADE,tsallis,5,21.6009492543438,1.1162870850409539,0.3372861953314555,0.04443927011099472,0.9857056391618132,0.0036850864472852494,0.8195413831517928,0.18011997860217635,450
SHADE,tsallis,7,23.222166669485258,1.2194768889599141,0.39030942908443983,0.05828460833317514,0.9900984218318032,0.0027806307088396056,0.906110753254551,0.07233548529800359,450
SHADE,tsallis,9,24.925022043158073,1.7651314449013171,0.45681666658223674,0.08292649695231732,0.9931087403467354,0.0023637186499121266,1.0406512643355463,0.18928863011553695,450
SHADE,tsallis,11,29.16569153574578,3.705202036391962,0.6521412201820933,0.18172547059185898,0.9967968833575911,0.001944593633053891,1.127612156579271,0.09586532335491559,450
SHADE,tsallis,12,32.265912949355304,3.946680576026026,0.7805530768055936,0.1711707318756572,0.9982671831612635,0.0013756905182843596,1.1899791848193855,0.14367477970405781,450
StandardDE,kapur,3,23.90838149589134,3.25235032252689,0.6553367743570726,0.290544498239783,0.9884536055607059,0.012514907448537008,0.3556086997051413,0.06164318380856256,450
StandardDE,kapur,5,29.512791495508523,1.0644518954914493,0.9164068357440319,0.02528796202380505,0.9976916955505886,0.0006165431010831653,0.43862810611724856,0.07674376572628437,450
StandardDE,kapur,7,32.24615352334769,0.9505697365142421,0.9432560129918155,0.016278565957165446,0.9987803192418937,0.0002608621237943035,0.5280796190661688,0.14243832296247436,450
StandardDE,kapur,9,33.965357286944,1.0317995470606376,0.956824632641336,0.013475018992627128,0.9991757356668819,0.00019489854831707457,0.606212686973417,0.12256490669301363,450
StandardDE,kapur,11,35.26528028642656,1.0479055155969244,0.9654006679566254,0.011485603841306608,0.9993887457047872,0.00014571399983301608,0.6871017031604424,0.12416913177834402,450
StandardDE,kapur,12,35.8493534521187,1.053488941694864,0.9684891690032162,0.011165779292108899,0.9994651389446594,0.00013500728949058946,0.7012089497052754,0.07241869478872137,450
StandardDE,otsu,3,27.878245486759955,0.8904443662510988,0.8606596331586054,0.05376013987419315,0.9966758346871306,0.0006648701775530112,0.33519681482265395,0.05991543623631632,450
StandardDE,otsu,5,31.34667058879418,0.8978492159758447,0.9303451546076726,0.03311303701489836,0.9985056802409326,0.0002953253784082749,0.3951216082342176,0.06659871336531631,450
StandardDE,otsu,7,33.4754254578652,0.9436325749109145,0.9537822717912554,0.01866906170042977,0.9990830636238083,0.00018738229170410823,0.4591234049144097,0.07825152533583404,450
StandardDE,otsu,9,35.0446037537335,0.9443414083407705,0.9653541651425153,0.01185857952891434,0.9993613086871873,0.00012981380719889036,0.5300216176733374,0.14501173392709896,450
StandardDE,otsu,11,36.29407660758059,0.9601261315578593,0.9724011211971633,0.008809779386241435,0.9995207804726058,9.821554945502971e-05,0.5855215549857046,0.10236963142125424,450
StandardDE,otsu,12,36.870652606206804,0.9741197219990593,0.9749937125196613,0.008199156670846992,0.9995801707258573,8.743238822631764e-05,0.6177705839793716,0.10585421233833026,450
StandardDE,tsallis,3,19.221631554778167,1.6461823559896676,0.2676138800494225,0.03531926945285274,0.974174321658125,0.010928081791691446,0.34454683943030734,0.01671374344476964,450
StandardDE,tsallis,5,21.585529923860044,1.1622814842694256,0.33632050244731065,0.04817857554746813,0.9856177391571814,0.003838436913322122,0.40498124370454913,0.007612802301077535,450
StandardDE,tsallis,7,23.421922676182213,1.5519618633947319,0.3984343783615604,0.06382264063137758,0.990317164089161,0.003460848773047086,0.4681736993189487,0.009554526398420256,450
StandardDE,tsallis,9,26.186020518999918,2.6239952296717846,0.5270135270618698,0.1417345408767434,0.9943193886427523,0.0032432036787494365,0.531132868798967,0.010125759436092069,450
StandardDE,tsallis,11,30.851646984876872,3.5815804786528123,0.7514055657785105,0.18558264524550297,0.9976772588099965,0.002106696393409331,0.5966289936295814,0.01633210778978351,450
StandardDE,tsallis,12,32.91037065562892,3.323774930066115,0.8371078579756561,0.16140468855259169,0.9985619500379052,0.0014915449951316238,0.6339360257595157,0.04076927138216927,450
