algorithm,objective,K,psnr_mean,psnr_std,ssim_mean,ssim_std,uniformity_mean,uniformity_std,class_separability_mean,class_separability_std,time_mean,time_std,n_runs
JADE,kapur,3,19.48299706220049,1.6351056007485196,0.7333134750855349,0.04526965116728568,0.9757466204207128,0.009868241735946066,0.7587836593494425,0.13859566451336985,0.416377005559237,0.0046160181508377125,300
JADE,kapur,5,22.423346244114327,2.4640103913396842,0.8086740207231021,0.033205722423902156,0.9866402360449009,0.007720943750201979,0.8725868207250079,0.09445330168284143,0.49319186266201237,0.004845020405331802,300
JADE,kapur,7,25.408255948693657,3.280725059417182,0.8516590459983548,0.03404783304141918,0.9921056813169619,0.0074790950329487235,0.9201360759539622,0.09147510936104286,0.5712853692805705,0.007109372603652643,300
JADE,kapur,9,28.662610411476585,3.899893417743537,0.8788803741603339,0.02716970992866216,0.9952777894658837,0.006765609486123617,0.9524969256648556,0.08097062851102534,0.6486756008475398,0.009094779681584208,300
JADE,kapur,11,30.65641202546399,4.19623781329195,0.9004828841819998,0.028432098737250625,0.996374260887242,0.006550933517858885,0.9617991345148518,0.07835219125935025,0.7247034120792523,0.0063132592911183845,300
JADE,kapur,12,31.604108376492217,4.1507313635415475,0.9096183081866375,0.029265979263932963,0.9968855969229283,0.006170504858817181,0.9661469179737293,0.07386604257528093,0.76213000142714,0.006051714814085747,300
JADE,otsu,3,24.53485282583042,1.179848784039072,0.7466723151136403,0.03453446010849541,0.9927138431702652,0.001838592749952658,0.9343410720580436,0.013071229168679617,0.39482499542568494,0.006576468462083559,300
JADE,otsu,5,28.313664339322106,1.1247261016042924,0.844762908660227,0.028033864082695235,0.9969605179013511,0.0007064963674442791,0.9725773663078157,0.005096815430744026,0.4536741231832032,0.004364907152792918,300
JADE,otsu,7,30.85468678365966,1.1407528396544528,0.8915260379107548,0.017745384232902905,0.9983059817306463,0.0004053112351944765,0.984735352727577,0.00285901795052586,0.5160599723784253,0.011076359760766584,300
JADE,otsu,9,32.792185194062554,1.209100489477181,0.9191988619027963,0.015501478541625069,0.9989129895844946,0.0002671838749374874,0.9902472385483058,0.0017576797341940203,0.575359664837985,0.00891968012836719,300
JADE,otsu,11,34.293535633255715,1.231120192360658,0.9370149196636205,0.012901217247132907,0.9992307558552659,0.0001895180098376446,0.9930992318553784,0.0012558310083597905,0.6351509451858389,0.00805620531623947,300
JADE,otsu,12,34.95679475562219,1.2597811988363967,0.9435444611637157,0.012168941297895829,0.9993390867924785,0.00016511913812224728,0.9940773028649136,0.001081551227416546,0.6641648966407714,0.008438689636897848,300
JADE,tsallis,3,19.96685424738384,1.5128454725726113,0.73784154984484,0.03837203665768376,0.9784898330202499,0.008514432353556653,0.7879696202118904,0.12035574116546532,0.41975344390918806,0.003504962660813783,300
JADE,tsallis,5,22.238405266434665,1.906757550997645,0.8138161296097199,0.03158782145151514,0.9867015501308106,0.007096513208091568,0.8697701392747831,0.09270603936066968,0.48193093012707927,0.003801015899324641,300
JADE,tsallis,7,24.930831066498396,2.7601636440968162,0.8588116491649419,0.0251063324130055,0.9918784621093302,0.006935693538812156,0.9185220272488285,0.08628308325172171,0.5457351394354676,0.0068766001148437275,300
JADE,tsallis,9,26.842645767916725,3.176677885293805,0.887673152936969,0.025707834987394883,0.994260009713663,0.0061599622390017565,0.9413052915805742,0.0756442954686304,0.6076469975158882,0.004941977741307035,300
JADE,tsallis,11,28.091592694029806,3.4388617410385454,0.9073519113138258,0.028325792926113917,0.9953111205603322,0.005948960887785301,0.9509866237794902,0.07255202547333796,0.6754228872153908,0.03393585482200968,300
JADE,tsallis,12,28.542791835167737,3.471459918966678,0.9144305740996205,0.02836512428283743,0.995731956761798,0.005490312843775752,0.9551267416318774,0.06692507889072512,0.7051532313988234,0.018306465206283273,300
LADE,kapur,3,19.485055845892877,1.6336630186848347,0.7334480266182474,0.04515580830021718,0.9757613414760357,0.00985313011893276,0.75895727598001,0.1384172291906301,0.33867555580800396,0.0029763455848634233,300
LADE,kapur,5,22.494473710488084,2.4824487410472322,0.8093428733745884,0.03501675195690396,0.9867922178247437,0.007816888561539528,0.8742272697032464,0.09478681077737725,0.4158366584925291,0.006883483903144654,300
LADE,kapur,7,25.564345451642563,3.493301897429689,0.8466036847867748,0.034606993301184934,0.9921005044018566,0.007768180033559545,0.9215554602058131,0.0939271876212634,0.49172568783396853,0.00782884837217476,300
LADE,kapur,9,28.763271570435577,3.701753547540101,0.8720477352432655,0.030093726029784492,0.9953985203847883,0.0070351966382103965,0.9526576332826451,0.0843937847274489,0.5656813496087367,0.008641030753795065,300
LADE,kapur,11,30.29446767321616,3.8152186778347503,0.8925567329770665,0.03066738514236107,0.9964513940659167,0.006305227919585143,0.9625530461318635,0.07559849445142842,0.6386060223790506,0.008376501963340067,300
LADE,kapur,12,31.10095412468819,3.56709811886461,0.9024149185897528,0.028562880306581585,0.9971423000577073,0.005417951185739514,0.9697038030882457,0.06497068237197501,0.6747984089019398,0.009490956615725733,300
LADE,otsu,3,24.53477276008156,1.1798749067803855,0.7466020469155872,0.03456518317620057,0.9927136850013085,0.001838655677853637,0.9343397518227238,0.013071526304721484,0.3171544283356828,0.003334350106182609,300
LADE,otsu,5,28.20576958003592,1.1448106272765286,0.8425024452681356,0.028560999218475096,0.9968807280169932,0.0007359974050990637,0.9718778824547837,0.005273530064094799,0.3758852473801622,0.0035273259547541325,300
LADE,otsu,7,30.48703944006104,1.163491050021587,0.8861908004190631,0.019374016773727635,0.9981537439910079,0.000449545394733809,0.9833759188646602,0.0031438963762193306,0.43510820738427963,0.005634722367920037,300
LADE,otsu,9,32.143119630384774,1.2022602795774173,0.9119522514356546,0.016073366226065547,0.9987378034596704,0.0003106089099600989,0.9886687960000847,0.002039656027084652,0.49452929746359586,0.008616564897462877,300
LADE,otsu,11,33.42551135670748,1.2153778540448221,0.9279749684963402,0.014186933374186618,0.9990606266095089,0.00023094176704371448,0.9915845100613468,0.0014240399767729314,0.5518624252965674,0.007975260974643605,300
LADE,otsu,12,33.96714653703407,1.2341673940469222,0.9339187951385539,0.01314564567861246,0.9991701869177961,0.0002063136943302433,0.9925638618770982,0.0013239460867153139,0.5798744215234183,0.007531062225855143,300
LADE,tsallis,3,19.960337107527636,1.514418596142567,0.7379192451351766,0.03838137951334418,0.9784533882012327,0.008550733319596524,0.7875297600474028,0.1208825429255708,0.3419678031893757,0.00401210603557513,300
LADE,tsallis,5,22.364161710304128,2.0043197613888846,0.8131536938665378,0.03325281948054743,0.9869083249964556,0.00750491689912107,0.8709859457123721,0.09744704025556138,0.40409191468808175,0.00558283825576555,300
LADE,tsallis,7,24.968175410908316,2.712416290726013,0.8560631334830446,0.02591548865898219,0.9920014370382544,0.006763235742194157,0.920237092521374,0.0839023656037386,0.46516801352612674,0.004547951948947659,300
LADE,tsallis,9,26.78856651671395,3.163100978702622,0.8821105962330252,0.027618896254544004,0.9941493439486563,0.0064745041077914275,0.9398775987681868,0.07927456777097314,0.5270680538813273,0.006058488529527063,300
LADE,tsallis,11,28.03526457187959,3.3217616471321487,0.8988784005085865,0.0285230827934638,0.995343315699638,0.0058741508499459555,0.9515822065840485,0.0713618773216071,0.5905480750106896,0.017145017660447275,300
LADE,tsallis,12,28.966737801592632,3.5635117404870593,0.9065485916295722,0.028318574203040018,0.9960614274281575,0.0052262127625609086,0.9589597577634725,0.06324494024428726,0.6311983579591227,0.06451528218307323,300
LSHADE,kapur,3,19.48299706220049,1.6351056007485196,0.7333134750855349,0.04526965116728566,0.9757466204207128,0.009868241735946066,0.7587836593494425,0.13859566451336988,0.6727987847174518,0.04244063534940008,300
LSHADE,kapur,5,22.592544649213064,2.5063483965428532,0.8102248386603755,0.03400706695406018,0.987060492913522,0.007681692795899296,0.8762901776044254,0.0937306499540654,0.8001760959664049,0.0177215699866059,300
LSHADE,kapur,7,25.944195314586388,3.6697251151042503,0.853802635294039,0.032390878655578215,0.9925405654452787,0.007559113019412469,0.9258477430455053,0.09152821706245591,0.929853285398179,0.018754019226245918,300
LSHADE,kapur,9,29.26261255521626,3.841452088383838,0.8814355826719242,0.02537279631381758,0.995753195304391,0.006570629775308213,0.956578733348984,0.07857755258239289,1.0584096079141212,0.040198884234535846,300
LSHADE,kapur,11,31.029200677037963,4.212692243544539,0.9039206588333251,0.028246435288795634,0.996583184591319,0.006336167749312351,0.9638776885271475,0.0756774608455809,1.1861875172580283,0.009871602949515284,300
LSHADE,kapur,12,32.65018306670595,3.3345365899077968,0.9179098293097241,0.02474870684894873,0.9978892908348146,0.004816353042311731,0.9775762277660279,0.05755117614472026,1.2537515845762877,0.04801716583632913,300
LSHADE,otsu,3,24.53485282583042,1.179848784039072,0.7466723151136403,0.03453446010849541,0.9927138431702652,0.001838592749952658,0.9343410720580436,0.013071229168679617,0.627529545292103,0.009770245839938779,300
LSHADE,otsu,5,28.323936198700817,1.1239546556721647,0.8452725437681657,0.02805038522814199,0.9969681210755496,0.0007042577242325199,0.9726449072637087,0.005082900397513109,0.7315473736147396,0.02496544542980186,300
LSHADE,otsu,7,30.92213096329377,1.1339636444170726,0.8922670458155469,0.017585212460342076,0.9983337047938894,0.0003963854430311982,0.9849807873605602,0.0028056696650233383,0.851795569715711,0.14423973160199222,300
LSHADE,otsu,9,32.99815619323538,1.1933309157137506,0.9213736609206346,0.01507201571749504,0.9989639639811596,0.0002512170503241224,0.9906995481200928,0.0016581232496468998,0.9388452777708881,0.042492688274854515,300
LSHADE,otsu,11,34.64276957451672,1.2195876933494547,0.9396033228122197,0.012771017539711575,0.9992903920450705,0.00017257293553271473,0.9936329321931839,0.0011386364499118287,1.029841113355166,0.011096635027299425,300
LSHADE,otsu,12,35.37128382830492,1.230606746312069,0.9465607143288266,0.011104465057386204,0.999400476457775,0.00014697636328514862,0.9946235972044394,0.0009586340513811981,1.0835416699651008,0.03598143220405057,300
LSHADE,tsallis,3,19.966485838517656,1.5136511397886203,0.7378387780229827,0.0383728469930008,0.978486172615506,0.008523727530046587,0.7879262521246246,0.12046353002119312,0.6751240422258464,0.015525346377551373,300
LSHADE,tsallis,5,22.2702985738391,1.9063900708158057,0.8148851493954077,0.030923834892419875,0.9867906466966412,0.007115640937096533,0.8705969868021441,0.09303362707062833,0.7785977758001537,0.01797737080449303,300
LSHADE,tsallis,7,24.91704402995994,2.8480490243973198,0.8600348908722072,0.024670117436748733,0.9917755641030427,0.007060164470655829,0.9172779510803653,0.08778621111063235,0.8833772684688059,0.010804779065454158,300
LSHADE,tsallis,9,26.851178523955195,3.1013236921352885,0.8890786916315218,0.024149957248091457,0.9943572548644177,0.005916443396461271,0.9424888599207063,0.07283879622312059,0.9886210756842047,0.00726648889485456,300
LSHADE,tsallis,11,28.278876437619243,3.5911641521040005,0.9084544738106837,0.028438902503422604,0.9954210844615492,0.005797241944581269,0.952143800625657,0.07071962024072274,1.0940050038990254,0.008134813412395019,300
LSHADE,tsallis,12,28.940962272064056,3.7467383621697117,0.9162578788762937,0.027813072016234546,0.9959110540603939,0.005480902425095067,0.957123520290422,0.06672939475764916,1.1560391943358506,0.097449173449555,300
SHADE,kapur,3,19.482050217351762,1.635223694644578,0.7332900122390223,0.04526416765363906,0.9757414797258015,0.009867909694372949,0.7587413561577386,0.13858131268699556,0.6232647756696679,0.12260287490022585,300
SHADE,kapur,5,22.637193945120945,2.521325903152582,0.8103416530693754,0.03426472494913694,0.9871592303603042,0.00770752827064267,0.8770820659093265,0.09404741195591385,0.7591093947156332,0.17352209526308204,300
SHADE,kapur,7,25.87615486469179,3.612961618875054,0.8535655122983968,0.03281997455461632,0.9925002001287485,0.007531408879980534,0.9252395594305729,0.09136429288880527,0.8582288700039499,0.15506932886180397,300
SHADE,kapur,9,29.30685954576096,3.8696813819165095,0.8809393230333753,0.025249866502680574,0.9957403347715812,0.006652481052851992,0.9562264725395253,0.07961900809248007,0.9782853674935177,0.17575359633487167,300
SHADE,kapur,11,31.028010806525188,4.227290707323884,0.9046877494599039,0.027451113566071005,0.9966027395824661,0.006261715251782732,0.9644218877748983,0.07469348339448953,1.1003818386048079,0.2027337484340298,300
SHADE,kapur,12,32.44571604089947,3.6081025536380076,0.9165998641291274,0.02589653906621862,0.9976406594237849,0.005238153292157848,0.9747546565813601,0.06258917904667462,1.1587490580556914,0.21193382373920772,300
SHADE,otsu,3,24.53485282583042,1.179848784039072,0.7466723151136403,0.03453446010849541,0.9927138431702652,0.001838592749952658,0.9343410720580436,0.013071229168679617,0.5532233389955945,0.12050187598878026,300
SHADE,otsu,5,28.323936198700817,1.1239546556721647,0.8452725437681657,0.02805038522814199,0.9969681210755496,0.0007042577242325199,0.9726449072637087,0.005082900397513109,0.6518697893316857,0.13645153598661322,300
SHADE,otsu,7,30.922329105271334,1.1338028238659523,0.8921866641569267,0.017668292931150506,0.9983338097499869,0.0003962807688518812,0.9849818222334108,0.002803747525208669,0.7676928388746456,0.1428745848555103,300
SHADE,otsu,9,33.00183445244292,1.1966118425249899,0.921454403233415,0.015068662036161858,0.9989646683084416,0.00025176953522166494,0.9907088949078403,0.0016499219151302148,0.8628928136080504,0.15729722106870922,300
SHADE,otsu,11,34.643180328806466,1.2186231982640412,0.9394935794941894,0.012819953561779847,0.9992904977335703,0.00017242620036404373,0.9936338860212122,0.0011358817169623587,0.966119944723323,0.17899052739529528,300
SHADE,otsu,12,35.37183563480048,1.2299669408630307,0.9466641809569196,0.011169733370634418,0.9994006065435478,0.00014688522820607703,0.9946249314273699,0.0009565079109172082,1.0095068841668156,0.18146065220719537,300
SHADE,tsallis,3,19.96722265625002,1.5120392860059786,0.7378443216666973,0.03837122610435603,0.978493493424994,0.008505125437838159,0.7880129882991561,0.12024783999576669,0.6236139845654058,0.11403601559962838,300
SHADE,tsallis,5,22.27505474399679,1.9052342117059926,0.8150051696373957,0.03105737524357316,0.9868052248534478,0.007115046576013051,0.8707234994006029,0.09304972857468614,0.7203559545287862,0.12983015058230193,300
SHADE,tsallis,7,24.922038777222244,2.8557878113305817,0.8602753551213188,0.024695032763806725,0.991778243410049,0.007062392206334141,0.9173196634613461,0.08781058667011866,0.8817007799966571,0.39753095989724363,300
SHADE,tsallis,9,26.846163634923233,3.09982814420841,0.8889989147662701,0.02420193235130813,0.9943488318830187,0.005935425998446946,0.9423955897293473,0.07306813023521556,0.9371149882138706,0.2249672229599579,300
SHADE,tsallis,11,28.246262082558285,3.5472681123936742,0.9086205902737282,0.02844428704117108,0.9954152092664083,0.005791849872466404,0.952067227805179,0.07067373488333638,1.0162513195001521,0.1862923270869113,300
SHADE,tsallis,12,28.85301566865892,3.724455502450552,0.9161790020560492,0.028117727267599032,0.9958376009576767,0.005551085438242665,0.9562315133149989,0.06761694368318233,1.063456403450109,0.19254236313568326,300
StandardDE,kapur,3,19.48394390704922,1.6349869481571404,0.7333369379320474,0.04527512181702077,0.9757517611156241,0.009868571079522109,0.7588259625411464,0.13861000189980505,0.3374481494422071,0.0034175499636732126,300
StandardDE,kapur,5,22.466056658974324,2.4901577578455747,0.8098921250263442,0.03440772753594007,0.9867001824380268,0.007913053460820213,0.8730371519974377,0.0968362446241415,0.4166844579406703,0.017232008311925402,300
StandardDE,kapur,7,25.5902060461579,3.443485395047228,0.8480950792320421,0.03370771424623296,0.9922006966970631,0.007689420571953738,0.9220903393064868,0.09345398646296271,0.49023990500019865,0.006712439282285196,300
StandardDE,kapur,9,28.721477492188072,3.637523780856725,0.8727229199222247,0.029264262076101298,0.9954626957265136,0.006783303539803259,0.9535426985475631,0.08142927589669757,0.5662087950017303,0.010990935263064768,300
StandardDE,kapur,11,30.17158753087777,3.805434174909857,0.8918976647751583,0.029994539441898487,0.9964082161812629,0.006142837049411986,0.9621626560203747,0.07368702115732002,0.6407366313971579,0.014912395394881837,300
StandardDE,kapur,12,30.99372157574592,3.8182053168213397,0.9021818477489768,0.030330904332815285,0.9968159187193127,0.006151556856285737,0.9656224430292091,0.0737603626394422,0.6752431768070285,0.008834191115202075,300
StandardDE,otsu,3,24.53485282583042,1.179848784039072,0.7466723151136403,0.03453446010849541,0.9927138431702652,0.001838592749952658,0.9343410720580436,0.013071229168679617,0.3160792374929102,0.003578996095925672,300
StandardDE,otsu,5,28.27313285128855,1.1284207695483752,0.8441435396203993,0.028390667043267738,0.9969314455968258,0.0007156088855780859,0.9723154431529487,0.005171241474204331,0.3756749126773017,0.004262520802409131,300
StandardDE,otsu,7,30.51729998474307,1.1585922938335842,0.8865740008589804,0.01887561634440808,0.9981671052861028,0.0004430527782542833,0.9835035034935032,0.0030531583119283797,0.4344923341600224,0.004870098001918429,300
StandardDE,otsu,9,32.18264791712543,1.2320008969921887,0.9119351035143531,0.01634868333763426,0.9987471442210785,0.00031400879923192566,0.9887730059245353,0.0020055773968717778,0.4924510430692074,0.004731138764320412,300
StandardDE,otsu,11,33.46483014194509,1.274079402975516,0.928697653930159,0.014412764244253836,0.9990661084135064,0.00023797086618626662,0.9916444589519021,0.001499805803286638,0.5527624781941995,0.013155281370948057,300
StandardDE,otsu,12,34.03747921050302,1.225646481317037,0.9345268990392852,0.013343315905456005,0.9991836985077404,0.00020325051132434079,0.9926868901383795,0.0012747446455258274,0.580591776111784,0.00819892884594697,300
StandardDE,tsallis,3,19.966485838517656,1.51365113978862,0.7378387780229827,0.0383728469930008,0.978486172615506,0.00852372753004658,0.7879262521246246,0.12046353002119312,0.3431594627870557,0.009547248144358454,300
StandardDE,tsallis,5,22.300096381563563,1.9376080218431306,0.8138808350243585,0.03267320896377242,0.9868305562149864,0.007213297934266387,0.8707581261224908,0.09405300461386766,0.4109319119217495,0.056576274603366714,300
StandardDE,tsallis,7,24.933218453785503,2.7536757885378553,0.8559392486007448,0.025274212301075776,0.9919051540332375,0.006821739288006148,0.9190023342835186,0.08462785788470334,0.46646792967182893,0.010729651834755417,300
StandardDE,tsallis,9,26.711974195152848,3.1625986344129133,0.8831227823247128,0.027933283814820912,0.9940942705423119,0.00629230291700344,0.9396964844598614,0.07699540191120038,0.5285684133561639,0.017085591815208575,300
StandardDE,tsallis,11,28.028833381957053,3.2748278686554473,0.900602880751255,0.027517040321825142,0.9954218752873342,0.005545946378224983,0.9525091451833324,0.06754213336869826,0.5893832251476124,0.007756193021025988,300
StandardDE,tsallis,12,28.652610547480812,3.5674986234865327,0.9051999682267122,0.02890093411052006,0.9957294726076873,0.005768670206477824,0.955359095148843,0.06985762062344096,0.6201029424152027,0.009200448070110912,300
