objective,K,algo_a,algo_b,n_pairs,statistic,p_value,significant,better
kapur,3,JADE,LADE,300,472.5,0.23602780071029483,False,LADE
kapur,3,JADE,LSHADE,300,1.5,1.0,False,LSHADE
kapur,3,JADE,SHADE,300,0.0,0.31731050786291415,False,JADE
kapur,3,JADE,StandardDE,300,2.0,0.5637028616507731,False,StandardDE
kapur,3,LADE,LSHADE,300,472.5,0.23602780071029483,False,LADE
kapur,3,LADE,SHADE,300,425.0,0.14119299130246454,False,LADE
kapur,3,LADE,StandardDE,300,472.0,0.3301301649654358,False,LADE
kapur,3,LSHADE,SHADE,300,0.0,0.31731050786291415,False,LSHADE
kapur,3,LSHADE,StandardDE,300,2.0,0.5637028616507731,False,StandardDE
kapur,3,SHADE,StandardDE,300,0.0,0.15729920705028505,False,StandardDE
kapur,5,JADE,LADE,300,19634.0,0.05049132344867502,False,LADE
kapur,5,JADE,LSHADE,300,14650.0,4.454030444557501e-06,True,LSHADE
kapur,5,JADE,SHADE,300,14446.0,2.2344009084824484e-06,True,SHADE
kapur,5,JADE,StandardDE,300,19868.0,0.08746213627320702,False,StandardDE
kapur,5,LADE,LSHADE,300,22053.0,0.728491936478888,False,LSHADE
kapur,5,LADE,SHADE,300,21031.0,0.3045302991973273,False,SHADE
kapur,5,LADE,StandardDE,300,22178.0,0.7917747242234459,False,LADE
kapur,5,LSHADE,SHADE,300,51.5,0.22769852228339016,False,SHADE
kapur,5,LSHADE,StandardDE,300,17646.0,0.3140412315473021,False,LSHADE
kapur,5,SHADE,StandardDE,300,16981.0,0.130904029915223,False,SHADE
kapur,7,JADE,LADE,300,21963.0,0.6840207060143308,False,LADE
kapur,7,JADE,LSHADE,300,17994.0,0.0023161098791031585,True,LSHADE
kapur,7,JADE,SHADE,300,18147.0,0.0032333123418272175,True,SHADE
kapur,7,JADE,StandardDE,300,22260.0,0.8340763711417168,False,StandardDE
kapur,7,LADE,LSHADE,300,15840.0,7.506222498876154e-06,True,LSHADE
kapur,7,LADE,SHADE,300,16855.0,0.00014247880139655597,True,SHADE
kapur,7,LADE,StandardDE,300,22277.0,0.8429110359403513,False,StandardDE
kapur,7,LSHADE,SHADE,300,607.5,0.24428209014584934,False,LSHADE
kapur,7,LSHADE,StandardDE,300,17401.0,0.00058014135773042,True,LSHADE
kapur,7,SHADE,StandardDE,300,17782.0,0.0014357495704395106,True,SHADE
kapur,9,JADE,LADE,300,17965.0,0.0021718271428718063,True,LADE
kapur,9,JADE,LSHADE,300,11716.0,5.149949198459524e-13,True,LSHADE
kapur,9,JADE,SHADE,300,10556.0,1.3202826158087774e-15,True,SHADE
kapur,9,JADE,StandardDE,300,17977.0,0.002230500652990093,True,StandardDE
kapur,9,LADE,LSHADE,300,10061.0,8.65899846352257e-17,True,LSHADE
kapur,9,LADE,SHADE,300,8084.0,5.6024192926809715e-22,True,SHADE
kapur,9,LADE,StandardDE,300,22032.0,0.9491327638520105,False,LADE
kapur,9,LSHADE,SHADE,300,1545.0,0.16051209539062505,False,SHADE
kapur,9,LSHADE,StandardDE,300,9387.0,1.785428087350236e-18,True,LSHADE
kapur,9,SHADE,StandardDE,300,8417.0,4.724879015610488e-21,True,SHADE
kapur,11,JADE,LADE,300,11938.0,1.5090883014930533e-12,True,JADE
kapur,11,JADE,LSHADE,300,11445.0,1.3465587883103326e-13,True,LSHADE
kapur,11,JADE,SHADE,300,10908.0,8.58678422930852e-15,True,SHADE
kapur,11,JADE,StandardDE,300,9956.0,4.7920169133580883e-17,True,JADE
kapur,11,LADE,LSHADE,300,6831.0,1.1885744880387507e-25,True,LSHADE
kapur,11,LADE,SHADE,300,7053.0,5.5927875607974825e-25,True,SHADE
kapur,11,LADE,StandardDE,300,19766.0,0.06176244443592768,False,LADE
kapur,11,LSHADE,SHADE,300,5952.0,0.9776875657380745,False,LSHADE
kapur,11,LSHADE,StandardDE,300,6875.0,1.618379658970056e-25,True,LSHADE
kapur,11,SHADE,StandardDE,300,6936.0,2.4792384705629645e-25,True,SHADE
kapur,12,JADE,LADE,300,9552.0,4.703092041832649e-18,True,JADE
kapur,12,JADE,LSHADE,300,8168.0,9.637243401292757e-22,True,LSHADE
kapur,12,JADE,SHADE,300,9117.0,3.5667900486491935e-19,True,SHADE
kapur,12,JADE,StandardDE,300,8017.0,3.626711858918272e-22,True,JADE
kapur,12,LADE,LSHADE,300,4397.0,1.2155880713222734e-33,True,LSHADE
kapur,12,LADE,SHADE,300,4874.0,5.490966802326452e-32,True,SHADE
kapur,12,LADE,StandardDE,300,22178.0,0.7917747242234459,False,LADE
kapur,12,LSHADE,SHADE,300,4299.0,0.5226223085864353,False,LSHADE
kapur,12,LSHADE,StandardDE,300,2953.0,6.46273667633748e-39,True,LSHADE
kapur,12,SHADE,StandardDE,300,3488.0,6.471132982112663e-37,True,SHADE
otsu,3,JADE,LADE,300,30.0,0.0001319801623794817,True,JADE
otsu,3,LADE,LSHADE,300,30.0,0.0001319801623794817,True,LSHADE
otsu,3,LADE,SHADE,300,30.0,0.0001319801623794817,True,SHADE
otsu,3,LADE,StandardDE,300,30.0,0.0001319801623794817,True,StandardDE
otsu,5,JADE,LADE,300,3.0,6.26933234178447e-51,True,JADE
otsu,5,JADE,LSHADE,300,101.0,5.1146904750323326e-49,True,LSHADE
otsu,5,JADE,SHADE,300,101.0,5.1146904750323326e-49,True,SHADE
otsu,5,JADE,StandardDE,300,5066.0,2.884504139743752e-30,True,JADE
otsu,5,LADE,LSHADE,300,0.0,6.083559849691439e-51,True,LSHADE
otsu,5,LADE,SHADE,300,0.0,6.083559849691439e-51,True,SHADE
otsu,5,LADE,StandardDE,300,4682.0,1.1988363234768268e-32,True,StandardDE
otsu,5,LSHADE,StandardDE,300,9.0,7.347673333459827e-44,True,LSHADE
otsu,5,SHADE,StandardDE,300,9.0,7.347673333459827e-44,True,SHADE
otsu,7,JADE,LADE,300,6.0,6.460752129436321e-51,True,JADE
otsu,7,JADE,LSHADE,300,0.0,6.083559849691439e-51,True,LSHADE
otsu,7,JADE,SHADE,300,5.0,6.396307612134577e-51,True,SHADE
otsu,7,JADE,StandardDE,300,10.0,6.725059293678009e-51,True,JADE
otsu,7,LADE,LSHADE,300,0.0,6.083559849691439e-51,True,LSHADE
otsu,7,LADE,SHADE,300,0.0,6.083559849691439e-51,True,SHADE
otsu,7,LADE,StandardDE,300,18046.0,0.003426331546952573,True,StandardDE
otsu,7,LSHADE,SHADE,300,32.5,0.20305649100913736,False,SHADE
otsu,7,LSHADE,StandardDE,300,0.0,6.083559849691439e-51,True,LSHADE
otsu,7,SHADE,StandardDE,300,0.0,6.083559849691439e-51,True,SHADE
otsu,9,JADE,LADE,300,0.0,6.083559849691439e-51,True,JADE
otsu,9,JADE,LSHADE,300,300.0,1.207785111321704e-49,True,LSHADE
otsu,9,JADE,SHADE,300,0.0,6.083559849691439e-51,True,SHADE
otsu,9,JADE,StandardDE,300,5.0,6.396307612134577e-51,True,JADE
otsu,9,LADE,LSHADE,300,1.0,6.144866877758199e-51,True,LSHADE
otsu,9,LADE,SHADE,300,0.0,6.083559849691439e-51,True,SHADE
otsu,9,LADE,StandardDE,300,18387.0,0.00535213894597133,True,StandardDE
otsu,9,LSHADE,SHADE,300,111.5,0.2692455384092576,False,SHADE
otsu,9,LSHADE,StandardDE,300,11.0,6.79280111750783e-51,True,LSHADE
otsu,9,SHADE,StandardDE,300,0.0,6.083559849691439e-51,True,SHADE
otsu,11,JADE,LADE,300,0.0,6.083559849691439e-51,True,JADE
otsu,11,JADE,LSHADE,300,0.0,6.083559849691439e-51,True,LSHADE
otsu,11,JADE,SHADE,300,0.0,6.083559849691439e-51,True,SHADE
otsu,11,JADE,StandardDE,300,0.0,6.083559849691439e-51,True,JADE
otsu,11,LADE,LSHADE,300,0.0,6.083559849691439e-51,True,LSHADE
otsu,11,LADE,SHADE,300,0.0,6.083559849691439e-51,True,SHADE
otsu,11,LADE,StandardDE,300,19395.0,0.06518247843051905,False,StandardDE
otsu,11,LSHADE,SHADE,300,690.0,0.37786224032053317,False,SHADE
otsu,11,LSHADE,StandardDE,300,0.0,6.083559849691439e-51,True,LSHADE
otsu,11,SHADE,StandardDE,300,0.0,6.083559849691439e-51,True,SHADE
otsu,12,JADE,LADE,300,0.0,6.083559849691439e-51,True,JADE
otsu,12,JADE,LSHADE,300,241.0,6.731412176971156e-50,True,LSHADE
otsu,12,JADE,SHADE,300,299.0,1.1958852401304312e-49,True,SHADE
otsu,12,JADE,StandardDE,300,0.0,6.083559849691439e-51,True,JADE
otsu,12,LADE,LSHADE,300,0.0,6.083559849691439e-51,True,LSHADE
otsu,12,LADE,SHADE,300,0.0,6.083559849691439e-51,True,SHADE
otsu,12,LADE,StandardDE,300,16762.0,0.00011078442468707015,True,StandardDE
otsu,12,LSHADE,SHADE,300,2022.5,0.6497537341334897,False,SHADE
otsu,12,LSHADE,StandardDE,300,0.0,6.083559849691439e-51,True,LSHADE
otsu,12,SHADE,StandardDE,300,0.0,6.083559849691439e-51,True,SHADE
tsallis,3,JADE,LADE,300,404.0,0.0012984906560699523,True,JADE
tsallis,3,JADE,LSHADE,300,12.0,0.7054569861112734,False,JADE
tsallis,3,JADE,SHADE,300,6.0,0.6547208460185769,False,SHADE
tsallis,3,JADE,StandardDE,300,12.0,0.7054569861112734,False,JADE
tsallis,3,LADE,LSHADE,300,409.5,0.002506221775540223,True,LSHADE
tsallis,3,LADE,SHADE,300,406.0,0.000826636206128966,True,SHADE
tsallis,3,LADE,StandardDE,300,479.0,0.003526535583399887,True,StandardDE
tsallis,3,LSHADE,SHADE,300,7.0,0.4142161782425253,False,SHADE
tsallis,3,LSHADE,StandardDE,300,18.0,1.0,False,StandardDE
tsallis,3,SHADE,StandardDE,300,7.0,0.4142161782425253,False,SHADE
tsallis,5,JADE,LADE,300,18645.0,0.00896286766508869,True,LADE
tsallis,5,JADE,LSHADE,300,17944.0,0.003620479503055113,True,LSHADE
tsallis,5,JADE,SHADE,300,17203.0,0.0008880003364133335,True,SHADE
tsallis,5,JADE,StandardDE,300,19897.0,0.07493177130474149,False,StandardDE
tsallis,5,LADE,LSHADE,300,19890.0,0.07417429158363013,False,LADE
tsallis,5,LADE,SHADE,300,20193.0,0.11318451495147851,False,LADE
tsallis,5,LADE,StandardDE,300,21002.0,0.2955370713934876,False,LADE
tsallis,5,LSHADE,SHADE,300,44.0,0.019994625228241494,True,SHADE
tsallis,5,LSHADE,StandardDE,300,19105.0,0.4733746135999548,False,StandardDE
tsallis,5,SHADE,StandardDE,300,19670.0,0.6833728513198785,False,StandardDE
tsallis,7,JADE,LADE,300,21106.0,0.32862289850641646,False,LADE
tsallis,7,JADE,LSHADE,300,20691.0,0.2102536534965017,False,JADE
tsallis,7,JADE,SHADE,300,21137.0,0.3389326567744696,False,JADE
tsallis,7,JADE,StandardDE,300,22205.0,0.8056422713275126,False,StandardDE
tsallis,7,LADE,LSHADE,300,20798.0,0.23731968008270687,False,LADE
tsallis,7,LADE,SHADE,300,20929.0,0.27369313432099374,False,LADE
tsallis,7,LADE,StandardDE,300,21347.0,0.5987273200902461,False,LADE
tsallis,7,LSHADE,SHADE,300,97.0,0.12372949894452485,False,SHADE
tsallis,7,LSHADE,StandardDE,300,21577.0,0.5068987421204731,False,StandardDE
tsallis,7,SHADE,StandardDE,300,21925.0,0.6655576510485128,False,StandardDE
tsallis,9,JADE,LADE,300,20238.0,0.120156928173656,False,JADE
tsallis,9,JADE,LSHADE,300,19855.0,0.07048022624953358,False,LSHADE
tsallis,9,JADE,SHADE,300,20016.0,0.08880295124959185,False,SHADE
tsallis,9,JADE,StandardDE,300,18593.0,0.008095815752215178,True,JADE
tsallis,9,LADE,LSHADE,300,19708.0,0.05657660733416669,False,LSHADE
tsallis,9,LADE,SHADE,300,19812.0,0.06614981672420878,False,SHADE
tsallis,9,LADE,StandardDE,300,21115.0,0.6258352940614562,False,LADE
tsallis,9,LSHADE,SHADE,300,316.5,0.30080985198051857,False,LSHADE
tsallis,9,LSHADE,StandardDE,300,18223.0,0.003802481459174036,True,LSHADE
tsallis,9,SHADE,StandardDE,300,18325.0,0.004709375022004513,True,SHADE
tsallis,11,JADE,LADE,300,19597.0,0.04766050179506153,True,JADE
tsallis,11,JADE,LSHADE,300,15044.0,5.495626151094511e-07,True,LSHADE
tsallis,11,JADE,SHADE,300,15192.0,9.120309330909485e-07,True,SHADE
tsallis,11,JADE,StandardDE,300,19878.0,0.07289032213748348,False,JADE
tsallis,11,LADE,LSHADE,300,17794.0,0.0014758742583344461,True,LSHADE
tsallis,11,LADE,SHADE,300,18021.0,0.0024582804271709663,True,SHADE
tsallis,11,LADE,StandardDE,300,21893.0,0.6501649926209313,False,LADE
tsallis,11,LSHADE,SHADE,300,3560.5,0.7365114729171707,False,LSHADE
tsallis,11,LSHADE,StandardDE,300,18065.0,0.0027071640437121864,True,LSHADE
tsallis,11,SHADE,StandardDE,300,18232.0,0.0038755932206158378,True,SHADE
tsallis,12,JADE,LADE,300,18104.0,0.0029467911597423737,True,LADE
tsallis,12,JADE,LSHADE,300,14244.0,3.022100159319463e-08,True,LSHADE
tsallis,12,JADE,SHADE,300,14630.0,1.2676665834997886e-07,True,SHADE
tsallis,12,JADE,StandardDE,300,21871.0,0.639667966652803,False,StandardDE
tsallis,12,LADE,LSHADE,300,22361.0,0.8868344067039374,False,LADE
tsallis,12,LADE,SHADE,300,21554.0,0.4971572012967166,False,LADE
tsallis,12,LADE,StandardDE,300,18881.0,0.0140287571368543,True,LADE
tsallis,12,LSHADE,SHADE,300,3009.0,0.54445872807403,False,LSHADE
tsallis,12,LSHADE,StandardDE,300,18002.0,0.002357428877566039,True,LSHADE
tsallis,12,SHADE,StandardDE,300,18751.0,0.010991253550202595,True,SHADE
